tipo,isArray,nombreJava,numP,nombreCloud,,,,,
java.lang.String,0,oracle.java.erpsol.com.esb.pojo.concur.AbstractConcur$AbstractConcurHeader->Constant,1,,,,,,
java.lang.String,0,oracle.java.erpsol.com.esb.pojo.concur.AbstractConcur$AbstractConcurHeader->RecordCount,2,,,,,,
java.lang.String,0,oracle.java.erpsol.com.esb.pojo.concur.AbstractConcur$AbstractConcurHeader->BatchDate,3,,,,,,
java.lang.String,0,oracle.java.erpsol.com.esb.pojo.concur.AbstractConcur$AbstractConcurHeader->JournalAmountHashTotal,4,,,,,,
java.util.List,1,oracle.java.erpsol.com.esb.pojo.concur.AbstractConcur$Lines,0,,,,,,
java.lang.String,0,oracle.java.erpsol.com.esb.pojo.concur.AbstractConcur$Lines$Line$BatchData->Constant,1,,,,,,
java.lang.String,0,oracle.java.erpsol.com.esb.pojo.concur.AbstractConcur$Lines$Line$BatchData->BatchID,2,,,,,,
java.lang.String,0,oracle.java.erpsol.com.esb.pojo.concur.AbstractConcur$Lines$Line$BatchData->BatchDate,3,,,,,,
java.lang.String,0,oracle.java.erpsol.com.esb.pojo.concur.AbstractConcur$Lines$Line$BatchData->SequenceNumber,4,,,,,,
java.lang.String,0,oracle.java.erpsol.com.esb.pojo.concur.AbstractConcur$Lines$Line$EmployeeData->EMPID,5,,,,,,
java.lang.String,0,oracle.java.erpsol.com.esb.pojo.concur.AbstractConcur$Lines$Line$EmployeeData->LastName,6,,,,,,
java.lang.String,0,oracle.java.erpsol.com.esb.pojo.concur.AbstractConcur$Lines$Line$EmployeeData->FirstName,7,,,,,,
java.lang.String,0,oracle.java.erpsol.com.esb.pojo.concur.AbstractConcur$Lines$Line$EmployeeData->MI,8,,,,,,
java.lang.String,0,oracle.java.erpsol.com.esb.pojo.concur.AbstractConcur$Lines$Line$EmployeeData->GroupID,9,,,,,,
java.lang.String,0,oracle.java.erpsol.com.esb.pojo.concur.AbstractConcur$Lines$Line$EmployeeData->EmployeeOrgUnit1Tipo,10,,,,,,
java.lang.String,0,oracle.java.erpsol.com.esb.pojo.concur.AbstractConcur$Lines$Line$EmployeeData->EmployeeOrgUnit2Depto,11,,,,,,
java.lang.String,0,oracle.java.erpsol.com.esb.pojo.concur.AbstractConcur$Lines$Line$EmployeeData->EmployeeOrgUnit3,12,,,,,,
java.lang.String,0,oracle.java.erpsol.com.esb.pojo.concur.AbstractConcur$Lines$Line$EmployeeData->EmployeeOrgUnit4,13,,,,,,
java.lang.String,0,oracle.java.erpsol.com.esb.pojo.concur.AbstractConcur$Lines$Line$EmployeeData->EmployeeOrgUnit5,14,,,,,,
java.lang.String,0,oracle.java.erpsol.com.esb.pojo.concur.AbstractConcur$Lines$Line$EmployeeData->EmployeeOrgUnit6,15,,,,,,
java.lang.String,0,oracle.java.erpsol.com.esb.pojo.concur.AbstractConcur$Lines$Line$EmployeeData->ACHBankAccountNumber,16,,,,,,
java.lang.String,0,oracle.java.erpsol.com.esb.pojo.concur.AbstractConcur$Lines$Line$EmployeeData->ACHBankRoutingNumber,17,,,,,,
java.lang.String,0,oracle.java.erpsol.com.esb.pojo.concur.AbstractConcur$Lines$Line$EmployeeData->FutureUse,18,,,,,,
java.lang.String,0,oracle.java.erpsol.com.esb.pojo.concur.AbstractConcur$Lines$Line$ReportData->ReportID,19,,,,,,
java.lang.String,0,oracle.java.erpsol.com.esb.pojo.concur.AbstractConcur$Lines$Line$ReportData->ReportKey,20,,,,,,
java.lang.String,0,oracle.java.erpsol.com.esb.pojo.concur.AbstractConcur$Lines$Line$ReportData->Ledger,21,,,,,,
java.lang.String,0,oracle.java.erpsol.com.esb.pojo.concur.AbstractConcur$Lines$Line$ReportData->ReimbursementCurrencyAlphaISE,22,,,,,,
java.lang.String,0,oracle.java.erpsol.com.esb.pojo.concur.AbstractConcur$Lines$Line$ReportData->HomeCountry,23,,,,,,
java.lang.String,0,oracle.java.erpsol.com.esb.pojo.concur.AbstractConcur$Lines$Line$ReportData->ReportSubmitDate,24,,,,,,
java.lang.String,0,oracle.java.erpsol.com.esb.pojo.concur.AbstractConcur$Lines$Line$ReportData->ReportUserDefinedDate,25,,,,,,
java.lang.String,0,oracle.java.erpsol.com.esb.pojo.concur.AbstractConcur$Lines$Line$ReportData->ReportPaymentProcessingDate,26,,,,,,
java.lang.String,0,oracle.java.erpsol.com.esb.pojo.concur.AbstractConcur$Lines$Line$ReportData->ReportName,27,,,,,,
java.lang.String,0,oracle.java.erpsol.com.esb.pojo.concur.AbstractConcur$Lines$Line$ReportData->Reportimagerequired,28,,,,,,
java.lang.String,0,oracle.java.erpsol.com.esb.pojo.concur.AbstractConcur$Lines$Line$ReportData->ReporthasVATentry,29,,,,,,
java.lang.String,0,oracle.java.erpsol.com.esb.pojo.concur.AbstractConcur$Lines$Line$ReportData->ReporthasTAentry,30,,,,,,
java.lang.String,0,oracle.java.erpsol.com.esb.pojo.concur.AbstractConcur$Lines$Line$ReportData->ReportTotalPostAmount,31,,,,,,
java.lang.String,0,oracle.java.erpsol.com.esb.pojo.concur.AbstractConcur$Lines$Line$ReportData->ReportTotalApprovedAmount,32,,,,,,
java.lang.String,0,oracle.java.erpsol.com.esb.pojo.concur.AbstractConcur$Lines$Line$ReportData->ReportPolicyName,33,,,,,,
java.lang.String,0,oracle.java.erpsol.com.esb.pojo.concur.AbstractConcur$Lines$Line$ReportData->FutureUse,34,,,,,,
java.lang.String,0,oracle.java.erpsol.com.esb.pojo.concur.AbstractConcur$Lines$Line$ReportData->ReportOrgUnit1Tipo,35,,,,,,
java.lang.String,0,oracle.java.erpsol.com.esb.pojo.concur.AbstractConcur$Lines$Line$ReportData->ReportOrgUnit2Depto,36,,,,,,
java.lang.String,0,oracle.java.erpsol.com.esb.pojo.concur.AbstractConcur$Lines$Line$ReportData->ReportOrgUnit3,37,,,,,,
java.lang.String,0,oracle.java.erpsol.com.esb.pojo.concur.AbstractConcur$Lines$Line$ReportData->ReportOrgUnit4,38,,,,,,
java.lang.String,0,oracle.java.erpsol.com.esb.pojo.concur.AbstractConcur$Lines$Line$ReportData->ReportOrgUnit5,39,,,,,,
java.lang.String,0,oracle.java.erpsol.com.esb.pojo.concur.AbstractConcur$Lines$Line$ReportData->ReportOrgUnit6,40,,,,,,
java.lang.String,0,oracle.java.erpsol.com.esb.pojo.concur.AbstractConcur$Lines$Line$ReportData->ReportCustom1SGAGrouping,41,,,,,,
java.lang.String,0,oracle.java.erpsol.com.esb.pojo.concur.AbstractConcur$Lines$Line$ReportData->ReportCustom2,42,,,,,,
java.lang.String,0,oracle.java.erpsol.com.esb.pojo.concur.AbstractConcur$Lines$Line$ReportData->ReportCustom3,43,,,,,,
java.lang.String,0,oracle.java.erpsol.com.esb.pojo.concur.AbstractConcur$Lines$Line$ReportData->ReportCustom4,44,,,,,,
java.lang.String,0,oracle.java.erpsol.com.esb.pojo.concur.AbstractConcur$Lines$Line$ReportData->ReportCustom5,45,,,,,,
java.lang.String,0,oracle.java.erpsol.com.esb.pojo.concur.AbstractConcur$Lines$Line$ReportData->ReportCustom6,46,,,,,,
java.lang.String,0,oracle.java.erpsol.com.esb.pojo.concur.AbstractConcur$Lines$Line$ReportData->ReportCustom7,47,,,,,,
java.lang.String,0,oracle.java.erpsol.com.esb.pojo.concur.AbstractConcur$Lines$Line$ReportData->ReportCustom8,48,,,,,,
java.lang.String,0,oracle.java.erpsol.com.esb.pojo.concur.AbstractConcur$Lines$Line$ReportData->ReportCustom9,49,,,,,,
java.lang.String,0,oracle.java.erpsol.com.esb.pojo.concur.AbstractConcur$Lines$Line$ReportData->ReportCustom10,50,,,,,,
java.lang.String,0,oracle.java.erpsol.com.esb.pojo.concur.AbstractConcur$Lines$Line$ReportData->ReportCustom11,51,,,,,,
java.lang.String,0,oracle.java.erpsol.com.esb.pojo.concur.AbstractConcur$Lines$Line$ReportData->ReportCustom12,52,,,,,,
java.lang.String,0,oracle.java.erpsol.com.esb.pojo.concur.AbstractConcur$Lines$Line$ReportData->ReportCustom13,53,,,,,,
java.lang.String,0,oracle.java.erpsol.com.esb.pojo.concur.AbstractConcur$Lines$Line$ReportData->ReportCustom14,54,,,,,,
java.lang.String,0,oracle.java.erpsol.com.esb.pojo.concur.AbstractConcur$Lines$Line$ReportData->ReportCustom15,55,,,,,,
java.lang.String,0,oracle.java.erpsol.com.esb.pojo.concur.AbstractConcur$Lines$Line$ReportData->ReportCustom16,56,,,,,,
java.lang.String,0,oracle.java.erpsol.com.esb.pojo.concur.AbstractConcur$Lines$Line$ReportData->ReportCustom17,57,,,,,,
java.lang.String,0,oracle.java.erpsol.com.esb.pojo.concur.AbstractConcur$Lines$Line$ReportData->ReportCustom18,58,,,,,,
java.lang.String,0,oracle.java.erpsol.com.esb.pojo.concur.AbstractConcur$Lines$Line$ReportData->ReportCustom19,59,,,,,,
java.lang.String,0,oracle.java.erpsol.com.esb.pojo.concur.AbstractConcur$Lines$Line$ReportData->ReportCustom20,60,,,,,,
java.lang.String,0,oracle.java.erpsol.com.esb.pojo.concur.AbstractConcur$Lines$Line$EntryData->EntryId,61,,,,,,
java.lang.String,0,oracle.java.erpsol.com.esb.pojo.concur.AbstractConcur$Lines$Line$EntryData->EntryTransactionType,62,,,,,,
java.lang.String,0,oracle.java.erpsol.com.esb.pojo.concur.AbstractConcur$Lines$Line$EntryData->ExpenseType,63,,,,,,
java.lang.String,0,oracle.java.erpsol.com.esb.pojo.concur.AbstractConcur$Lines$Line$EntryData->EntryTransactionDate,64,,,,,,
java.lang.String,0,oracle.java.erpsol.com.esb.pojo.concur.AbstractConcur$Lines$Line$EntryData->SpendCurrencyAlphaISO,65,,,,,,
java.lang.String,0,oracle.java.erpsol.com.esb.pojo.concur.AbstractConcur$Lines$Line$EntryData->CurrencyExchangeRate,66,,,,,,
java.lang.String,0,oracle.java.erpsol.com.esb.pojo.concur.AbstractConcur$Lines$Line$EntryData->ExchangeRateDirection,67,,,,,,
java.lang.String,0,oracle.java.erpsol.com.esb.pojo.concur.AbstractConcur$Lines$Line$EntryData->IsPersonal,68,,,,,,
java.lang.String,0,oracle.java.erpsol.com.esb.pojo.concur.AbstractConcur$Lines$Line$EntryData->EntryDescription,69,,,,,,
java.lang.String,0,oracle.java.erpsol.com.esb.pojo.concur.AbstractConcur$Lines$Line$EntryData->VendorName,70,,,,,,
java.lang.String,0,oracle.java.erpsol.com.esb.pojo.concur.AbstractConcur$Lines$Line$EntryData->VendorDescription,71,,,,,,
java.lang.String,0,oracle.java.erpsol.com.esb.pojo.concur.AbstractConcur$Lines$Line$EntryData->ReceiptReceived,72,,,,,,
java.lang.String,0,oracle.java.erpsol.com.esb.pojo.concur.AbstractConcur$Lines$Line$EntryData->ReceiptType,73,,,,,,
java.lang.String,0,oracle.java.erpsol.com.esb.pojo.concur.AbstractConcur$Lines$Line$EntryData->TotalEmployeeAttendee,74,,,,,,
java.lang.String,0,oracle.java.erpsol.com.esb.pojo.concur.AbstractConcur$Lines$Line$EntryData->AttendeeCountSpouse,75,,,,,,
java.lang.String,0,oracle.java.erpsol.com.esb.pojo.concur.AbstractConcur$Lines$Line$EntryData->AttendeeCountBusiness,76,,,,,,
java.lang.String,0,oracle.java.erpsol.com.esb.pojo.concur.AbstractConcur$Lines$Line$EntryData->ReportEntryOrgUnit1Tipo,77,,,,,,
java.lang.String,0,oracle.java.erpsol.com.esb.pojo.concur.AbstractConcur$Lines$Line$EntryData->ReportEntryOrgUnit2Depto,78,,,,,,
java.lang.String,0,oracle.java.erpsol.com.esb.pojo.concur.AbstractConcur$Lines$Line$EntryData->ReportEntryOrgUnit3,79,,,,,,
java.lang.String,0,oracle.java.erpsol.com.esb.pojo.concur.AbstractConcur$Lines$Line$EntryData->ReportEntryOrgUnit4,80,,,,,,
java.lang.String,0,oracle.java.erpsol.com.esb.pojo.concur.AbstractConcur$Lines$Line$EntryData->ReportEntryOrgUnit5,81,,,,,,
java.lang.String,0,oracle.java.erpsol.com.esb.pojo.concur.AbstractConcur$Lines$Line$EntryData->ReportEntryOrgUnit6,82,,,,,,
java.lang.String,0,oracle.java.erpsol.com.esb.pojo.concur.AbstractConcur$Lines$Line$EntryData->ReportEntryCustom1SGAGrouping,83,,,,,,
java.lang.String,0,oracle.java.erpsol.com.esb.pojo.concur.AbstractConcur$Lines$Line$EntryData->ReportEntryCustom2LGTransactionType,84,,,,,,
java.lang.String,0,oracle.java.erpsol.com.esb.pojo.concur.AbstractConcur$Lines$Line$EntryData->ReportEntryCustom3Location,85,,,,,,
java.lang.String,0,oracle.java.erpsol.com.esb.pojo.concur.AbstractConcur$Lines$Line$EntryData->ReportEntryCustom4ProyectoSN,86,,,,,,
java.lang.String,0,oracle.java.erpsol.com.esb.pojo.concur.AbstractConcur$Lines$Line$EntryData->ReportEntryCustom5Proyecto,87,,,,,,
java.lang.String,0,oracle.java.erpsol.com.esb.pojo.concur.AbstractConcur$Lines$Line$EntryData->ReportEntryCustom6Subcategoría,88,,,,,,
java.lang.String,0,oracle.java.erpsol.com.esb.pojo.concur.AbstractConcur$Lines$Line$EntryData->ReportEntryCustom7RFCTaxID,89,,,,,,
java.lang.String,0,oracle.java.erpsol.com.esb.pojo.concur.AbstractConcur$Lines$Line$EntryData->ReportEntryCustom8NumFactura,90,,,,,,
java.lang.String,0,oracle.java.erpsol.com.esb.pojo.concur.AbstractConcur$Lines$Line$EntryData->ReportEntryCustom9,91,,,,,,
java.lang.String,0,oracle.java.erpsol.com.esb.pojo.concur.AbstractConcur$Lines$Line$EntryData->ReportEntryCustom10,92,,,,,,
java.lang.String,0,oracle.java.erpsol.com.esb.pojo.concur.AbstractConcur$Lines$Line$EntryData->ReportEntryCustom11,93,,,,,,
java.lang.String,0,oracle.java.erpsol.com.esb.pojo.concur.AbstractConcur$Lines$Line$EntryData->ReportEntryCustom12,94,,,,,,
java.lang.String,0,oracle.java.erpsol.com.esb.pojo.concur.AbstractConcur$Lines$Line$EntryData->ReportEntryCustom13,95,,,,,,
java.lang.String,0,oracle.java.erpsol.com.esb.pojo.concur.AbstractConcur$Lines$Line$EntryData->ReportEntryCustom14,96,,,,,,
java.lang.String,0,oracle.java.erpsol.com.esb.pojo.concur.AbstractConcur$Lines$Line$EntryData->ReportEntryCustom15,97,,,,,,
java.lang.String,0,oracle.java.erpsol.com.esb.pojo.concur.AbstractConcur$Lines$Line$EntryData->ReportEntryCustom16,98,,,,,,
java.lang.String,0,oracle.java.erpsol.com.esb.pojo.concur.AbstractConcur$Lines$Line$EntryData->ReportEntryCustom17,99,,,,,,
java.lang.String,0,oracle.java.erpsol.com.esb.pojo.concur.AbstractConcur$Lines$Line$EntryData->ReportEntryCustom18,100,,,,,,
java.lang.String,0,oracle.java.erpsol.com.esb.pojo.concur.AbstractConcur$Lines$Line$EntryData->ReportEntryCustom19,101,,,,,,
java.lang.String,0,oracle.java.erpsol.com.esb.pojo.concur.AbstractConcur$Lines$Line$EntryData->ReportEntryCustom20,102,,,,,,
java.lang.String,0,oracle.java.erpsol.com.esb.pojo.concur.AbstractConcur$Lines$Line$EntryData->ReportEntryCustom21,103,,,,,,
java.lang.String,0,oracle.java.erpsol.com.esb.pojo.concur.AbstractConcur$Lines$Line$EntryData->ReportEntryCustom22,104,,,,,,
java.lang.String,0,oracle.java.erpsol.com.esb.pojo.concur.AbstractConcur$Lines$Line$EntryData->ReportEntryCustom23,105,,,,,,
java.lang.String,0,oracle.java.erpsol.com.esb.pojo.concur.AbstractConcur$Lines$Line$EntryData->ReportEntryCustom24,106,,,,,,
java.lang.String,0,oracle.java.erpsol.com.esb.pojo.concur.AbstractConcur$Lines$Line$EntryData->ReportEntryCustom25,107,,,,,,
java.lang.String,0,oracle.java.erpsol.com.esb.pojo.concur.AbstractConcur$Lines$Line$EntryData->ReportEntryCustom26,108,,,,,,
java.lang.String,0,oracle.java.erpsol.com.esb.pojo.concur.AbstractConcur$Lines$Line$EntryData->ReportEntryCustom27,109,,,,,,
java.lang.String,0,oracle.java.erpsol.com.esb.pojo.concur.AbstractConcur$Lines$Line$EntryData->ReportEntryCustom28,110,,,,,,
java.lang.String,0,oracle.java.erpsol.com.esb.pojo.concur.AbstractConcur$Lines$Line$EntryData->ReportEntryCustom29,111,,,,,,
java.lang.String,0,oracle.java.erpsol.com.esb.pojo.concur.AbstractConcur$Lines$Line$EntryData->ReportEntryCustom30,112,,,,,,
java.lang.String,0,oracle.java.erpsol.com.esb.pojo.concur.AbstractConcur$Lines$Line$EntryData->ReportEntryCustom31,113,,,,,,
java.lang.String,0,oracle.java.erpsol.com.esb.pojo.concur.AbstractConcur$Lines$Line$EntryData->ReportEntryCustom32,114,,,,,,
java.lang.String,0,oracle.java.erpsol.com.esb.pojo.concur.AbstractConcur$Lines$Line$EntryData->ReportEntryCustom33,115,,,,,,
java.lang.String,0,oracle.java.erpsol.com.esb.pojo.concur.AbstractConcur$Lines$Line$EntryData->ReportEntryCustom34,116,,,,,,
java.lang.String,0,oracle.java.erpsol.com.esb.pojo.concur.AbstractConcur$Lines$Line$EntryData->ReportEntryCustom35,117,,,,,,
java.lang.String,0,oracle.java.erpsol.com.esb.pojo.concur.AbstractConcur$Lines$Line$EntryData->ReportEntryCustom36,118,,,,,,
java.lang.String,0,oracle.java.erpsol.com.esb.pojo.concur.AbstractConcur$Lines$Line$EntryData->ReportEntryCustom37,119,,,,,,
java.lang.String,0,oracle.java.erpsol.com.esb.pojo.concur.AbstractConcur$Lines$Line$EntryData->ReportEntryCustom38,120,,,,,,
java.lang.String,0,oracle.java.erpsol.com.esb.pojo.concur.AbstractConcur$Lines$Line$EntryData->ReportEntryCustom39,121,,,,,,
java.lang.String,0,oracle.java.erpsol.com.esb.pojo.concur.AbstractConcur$Lines$Line$EntryData->ReportEntryCustom40,122,,,,,,
java.lang.String,0,oracle.java.erpsol.com.esb.pojo.concur.AbstractConcur$Lines$Line$EntryData->EntryTransactionAmount,123,,,,,,
java.lang.String,0,oracle.java.erpsol.com.esb.pojo.concur.AbstractConcur$Lines$Line$EntryData->EntryPostedAmount,124,,,,,,
java.lang.String,0,oracle.java.erpsol.com.esb.pojo.concur.AbstractConcur$Lines$Line$EntryData->EntryApprovedAmount,125,,,,,,
java.lang.String,0,oracle.java.erpsol.com.esb.pojo.concur.AbstractConcur$Lines$Line$EntryData->EntryPaymentCode,126,,,,,,
java.lang.String,0,oracle.java.erpsol.com.esb.pojo.concur.AbstractConcur$Lines$Line$EntryData->EntryPaymentCodeName,127,,,,,,
java.lang.String,0,oracle.java.erpsol.com.esb.pojo.concur.AbstractConcur$Lines$Line$EntryData->ReportPaymentReimbursementType,128,,,,,,
java.lang.String,0,oracle.java.erpsol.com.esb.pojo.concur.AbstractConcur$Lines$Line$EntryData->BillDate,129,,,,,,
java.lang.String,0,oracle.java.erpsol.com.esb.pojo.concur.AbstractConcur$Lines$Line$CreditCardData->BilledCreditCardAccountNumber,130,,,,,,
java.lang.String,0,oracle.java.erpsol.com.esb.pojo.concur.AbstractConcur$Lines$Line$CreditCardData->BilledCreditCardDescription,131,,,,,,
java.lang.String,0,oracle.java.erpsol.com.esb.pojo.concur.AbstractConcur$Lines$Line$CreditCardData->TransactionJRKey,132,,,,,,
java.lang.String,0,oracle.java.erpsol.com.esb.pojo.concur.AbstractConcur$Lines$Line$CreditCardData->REFNO,133,,,,,,
java.lang.String,0,oracle.java.erpsol.com.esb.pojo.concur.AbstractConcur$Lines$Line$CreditCardData->CCTKey,134,,,,,,
java.lang.String,0,oracle.java.erpsol.com.esb.pojo.concur.AbstractConcur$Lines$Line$CreditCardData->CCTType,135,,,,,,
java.lang.String,0,oracle.java.erpsol.com.esb.pojo.concur.AbstractConcur$Lines$Line$CreditCardData->TransactionID,136,,,,,,
java.lang.String,0,oracle.java.erpsol.com.esb.pojo.concur.AbstractConcur$Lines$Line$CreditCardData->TransactionAmount,137,,,,,,
java.lang.String,0,oracle.java.erpsol.com.esb.pojo.concur.AbstractConcur$Lines$Line$CreditCardData->TransactionTaxAmount,138,,,,,,
java.lang.String,0,oracle.java.erpsol.com.esb.pojo.concur.AbstractConcur$Lines$Line$CreditCardData->TransactionCurrency,139,,,,,,
java.lang.String,0,oracle.java.erpsol.com.esb.pojo.concur.AbstractConcur$Lines$Line$CreditCardData->TransactionPostedAmount,140,,,,,,
java.lang.String,0,oracle.java.erpsol.com.esb.pojo.concur.AbstractConcur$Lines$Line$CreditCardData->TransactionPostedCurrency,141,,,,,,
java.lang.String,0,oracle.java.erpsol.com.esb.pojo.concur.AbstractConcur$Lines$Line$CreditCardData->TransactionDate,142,,,,,,
java.lang.String,0,oracle.java.erpsol.com.esb.pojo.concur.AbstractConcur$Lines$Line$CreditCardData->TransactionPostedDate,143,,,,,,
java.lang.String,0,oracle.java.erpsol.com.esb.pojo.concur.AbstractConcur$Lines$Line$CreditCardData->TransactionDescription,144,,,,,,
java.lang.String,0,oracle.java.erpsol.com.esb.pojo.concur.AbstractConcur$Lines$Line$CreditCardData->MCCODE,145,,,,,,
java.lang.String,0,oracle.java.erpsol.com.esb.pojo.concur.AbstractConcur$Lines$Line$CreditCardData->TransactionMerchantName,146,,,,,,
java.lang.String,0,oracle.java.erpsol.com.esb.pojo.concur.AbstractConcur$Lines$Line$CreditCardData->TransactionMerchantCity,147,,,,,,
java.lang.String,0,oracle.java.erpsol.com.esb.pojo.concur.AbstractConcur$Lines$Line$CreditCardData->TransactionMerchantState,148,,,,,,
java.lang.String,0,oracle.java.erpsol.com.esb.pojo.concur.AbstractConcur$Lines$Line$CreditCardData->TransactionMerchantCountry,149,,,,,,
java.lang.String,0,oracle.java.erpsol.com.esb.pojo.concur.AbstractConcur$Lines$Line$CreditCardData->TransactionMerchantREFNUM,150,,,,,,
java.lang.String,0,oracle.java.erpsol.com.esb.pojo.concur.AbstractConcur$Lines$Line$CreditCardData->TransactionBillingType,151,,,,,,
java.lang.String,0,oracle.java.erpsol.com.esb.pojo.concur.AbstractConcur$Lines$Line$CreditCardData->BillToEmployeeExchangeRate,152,,,,,,
java.lang.String,0,oracle.java.erpsol.com.esb.pojo.concur.AbstractConcur$Lines$Line$CreditCardData->BillingAmount,153,,,,,,
java.lang.String,0,oracle.java.erpsol.com.esb.pojo.concur.AbstractConcur$Lines$Line$CreditCardData->IndividualCreditCardAccountNumber,154,,,,,,
java.lang.String,0,oracle.java.erpsol.com.esb.pojo.concur.AbstractConcur$Lines$Line$CreditCardData->IndividualCreditCardDescription,155,,,,,,
java.lang.String,0,oracle.java.erpsol.com.esb.pojo.concur.AbstractConcur$Lines$Line$CreditCardData->MerchantDoingBusinessAs,156,,,,,,
java.lang.String,0,oracle.java.erpsol.com.esb.pojo.concur.AbstractConcur$Lines$Line$CreditCardData->AcquirerReferenceNumber,157,,,,,,
java.lang.String,0,oracle.java.erpsol.com.esb.pojo.concur.AbstractConcur$Lines$Line$EntryLocationData->EntryCountry,158,,,,,,
java.lang.String,0,oracle.java.erpsol.com.esb.pojo.concur.AbstractConcur$Lines$Line$EntryLocationData->EntryCountrySub,159,,,,,,
java.lang.String,0,oracle.java.erpsol.com.esb.pojo.concur.AbstractConcur$Lines$Line$EntryLocationData->DomesticForeign,160,,,,,,
java.lang.String,0,oracle.java.erpsol.com.esb.pojo.concur.AbstractConcur$Lines$Line$EntryLocationData->MarketCode,161,,,,,,
java.lang.String,0,oracle.java.erpsol.com.esb.pojo.concur.AbstractConcur$Lines$Line$EntryLocationData->ProcessorReferenceNumber,162,,,,,,
java.lang.String,0,oracle.java.erpsol.com.esb.pojo.concur.AbstractConcur$Lines$Line$JournalEntryData->PayerPayType,163,,,,,,
java.lang.String,0,oracle.java.erpsol.com.esb.pojo.concur.AbstractConcur$Lines$Line$JournalEntryData->PayerPayCode,164,,,,,,
java.lang.String,0,oracle.java.erpsol.com.esb.pojo.concur.AbstractConcur$Lines$Line$JournalEntryData->PayeePayType,165,,,,,,
java.lang.String,0,oracle.java.erpsol.com.esb.pojo.concur.AbstractConcur$Lines$Line$JournalEntryData->PayeePayCode,166,,,,,,
java.lang.String,0,oracle.java.erpsol.com.esb.pojo.concur.AbstractConcur$Lines$Line$JournalEntryData->AccountCode,167,,,,,,
java.lang.String,0,oracle.java.erpsol.com.esb.pojo.concur.AbstractConcur$Lines$Line$JournalEntryData->DRCR,168,,,,,,
java.lang.String,0,oracle.java.erpsol.com.esb.pojo.concur.AbstractConcur$Lines$Line$JournalEntryData->JournalAmt,169,,,,,,
java.lang.String,0,oracle.java.erpsol.com.esb.pojo.concur.AbstractConcur$Lines$Line$JournalEntryData->JournalKey,170,,,,,,
java.lang.String,0,oracle.java.erpsol.com.esb.pojo.concur.AbstractConcur$Lines$Line$CarMileageData->CarBusinessDistance,171,,,,,,
java.lang.String,0,oracle.java.erpsol.com.esb.pojo.concur.AbstractConcur$Lines$Line$CarMileageData->CarPersonalDistance,172,,,,,,
java.lang.String,0,oracle.java.erpsol.com.esb.pojo.concur.AbstractConcur$Lines$Line$CarMileageData->CarPassengerCount,173,,,,,,
java.lang.String,0,oracle.java.erpsol.com.esb.pojo.concur.AbstractConcur$Lines$Line$CarMileageData->VehicleID,174,,,,,,
java.lang.String,0,oracle.java.erpsol.com.esb.pojo.concur.AbstractConcur$Lines$Line$CarMileageData->FutureUse,175,,,,,,
java.lang.String,0,oracle.java.erpsol.com.esb.pojo.concur.AbstractConcur$Lines$Line$CarMileageData->FutureUse1,176,,,,,,
java.lang.String,0,oracle.java.erpsol.com.esb.pojo.concur.AbstractConcur$Lines$Line$CashAdvanceData->CashAdvanceAmount,177,,,,,,
java.lang.String,0,oracle.java.erpsol.com.esb.pojo.concur.AbstractConcur$Lines$Line$CashAdvanceData->CARequestCurrencyAlphaISO,178,,,,,,
java.lang.String,0,oracle.java.erpsol.com.esb.pojo.concur.AbstractConcur$Lines$Line$CashAdvanceData->CARequestCurrencyNumISO,179,,,,,,
java.lang.String,0,oracle.java.erpsol.com.esb.pojo.concur.AbstractConcur$Lines$Line$CashAdvanceData->CashAdvanceExchangeRate,180,,,,,,
java.lang.String,0,oracle.java.erpsol.com.esb.pojo.concur.AbstractConcur$Lines$Line$CashAdvanceData->CACurrencyAlphaISO,181,,,,,,
java.lang.String,0,oracle.java.erpsol.com.esb.pojo.concur.AbstractConcur$Lines$Line$CashAdvanceData->CACurrencyNumISO,182,,,,,,
java.lang.String,0,oracle.java.erpsol.com.esb.pojo.concur.AbstractConcur$Lines$Line$CashAdvanceData->CashAdvanceIssueDate,183,,,,,,
java.lang.String,0,oracle.java.erpsol.com.esb.pojo.concur.AbstractConcur$Lines$Line$CashAdvanceData->CashAdvancePaymentCode,184,,,,,,
java.lang.String,0,oracle.java.erpsol.com.esb.pojo.concur.AbstractConcur$Lines$Line$CashAdvanceData->CashAdvanceTransactionType,185,,,,,,
java.lang.String,0,oracle.java.erpsol.com.esb.pojo.concur.AbstractConcur$Lines$Line$CashAdvanceData->CashAdvanceRequestDate,186,,,,,,
java.lang.String,0,oracle.java.erpsol.com.esb.pojo.concur.AbstractConcur$Lines$Line$CashAdvanceData->CAKey,187,,,,,,
java.lang.String,0,oracle.java.erpsol.com.esb.pojo.concur.AbstractConcur$Lines$Line$CashAdvanceData->FutureUse,188,,,,,,
java.lang.String,0,oracle.java.erpsol.com.esb.pojo.concur.AbstractConcur$Lines$Line$AllocationData->AllocationAllocKey,189,,,,,,
java.lang.String,0,oracle.java.erpsol.com.esb.pojo.concur.AbstractConcur$Lines$Line$AllocationData->AllocationPercentage,190,,,,,,
java.lang.String,0,oracle.java.erpsol.com.esb.pojo.concur.AbstractConcur$Lines$Line$AllocationData->AllocationCustom1Tipo,191,,,,,,
java.lang.String,0,oracle.java.erpsol.com.esb.pojo.concur.AbstractConcur$Lines$Line$AllocationData->AllocationCustom2Depto,192,,,,,,
java.lang.String,0,oracle.java.erpsol.com.esb.pojo.concur.AbstractConcur$Lines$Line$AllocationData->AllocationCustom3,193,,,,,,
java.lang.String,0,oracle.java.erpsol.com.esb.pojo.concur.AbstractConcur$Lines$Line$AllocationData->AllocationCustom4,194,,,,,,
java.lang.String,0,oracle.java.erpsol.com.esb.pojo.concur.AbstractConcur$Lines$Line$AllocationData->AllocationCustom5,195,,,,,,
java.lang.String,0,oracle.java.erpsol.com.esb.pojo.concur.AbstractConcur$Lines$Line$AllocationData->AllocationCustom6,196,,,,,,
java.lang.String,0,oracle.java.erpsol.com.esb.pojo.concur.AbstractConcur$Lines$Line$AllocationData->AllocationCustom7,197,,,,,,
java.lang.String,0,oracle.java.erpsol.com.esb.pojo.concur.AbstractConcur$Lines$Line$AllocationData->AllocationCustom8,198,,,,,,
java.lang.String,0,oracle.java.erpsol.com.esb.pojo.concur.AbstractConcur$Lines$Line$AllocationData->AllocationCustom9,199,,,,,,
java.lang.String,0,oracle.java.erpsol.com.esb.pojo.concur.AbstractConcur$Lines$Line$AllocationData->AllocationCustom10,200,,,,,,
java.lang.String,0,oracle.java.erpsol.com.esb.pojo.concur.AbstractConcur$Lines$Line$AllocationData->AllocationCustom11,201,,,,,,
java.lang.String,0,oracle.java.erpsol.com.esb.pojo.concur.AbstractConcur$Lines$Line$AllocationData->AllocationCustom12,202,,,,,,
java.lang.String,0,oracle.java.erpsol.com.esb.pojo.concur.AbstractConcur$Lines$Line$AllocationData->AllocationCustom13,203,,,,,,
java.lang.String,0,oracle.java.erpsol.com.esb.pojo.concur.AbstractConcur$Lines$Line$AllocationData->AllocationCustom14,204,,,,,,
java.lang.String,0,oracle.java.erpsol.com.esb.pojo.concur.AbstractConcur$Lines$Line$AllocationData->AllocationCustom15,205,,,,,,
java.lang.String,0,oracle.java.erpsol.com.esb.pojo.concur.AbstractConcur$Lines$Line$AllocationData->AllocationCustom16,206,,,,,,
java.lang.String,0,oracle.java.erpsol.com.esb.pojo.concur.AbstractConcur$Lines$Line$AllocationData->AllocationCustom17,207,,,,,,
java.lang.String,0,oracle.java.erpsol.com.esb.pojo.concur.AbstractConcur$Lines$Line$AllocationData->AllocationCustom18,208,,,,,,
java.lang.String,0,oracle.java.erpsol.com.esb.pojo.concur.AbstractConcur$Lines$Line$AllocationData->AllocationCustom19,209,,,,,,
java.lang.String,0,oracle.java.erpsol.com.esb.pojo.concur.AbstractConcur$Lines$Line$AllocationData->AllocationCustom20,210,,,,,,
java.lang.String,0,oracle.java.erpsol.com.esb.pojo.concur.AbstractConcur$Lines$Line$AllocationData->FutureUse,211,,,,,,
java.lang.String,0,oracle.java.erpsol.com.esb.pojo.concur.AbstractConcur$Lines$Line$TravelAllowanceData->TAReimbursementtype,212,,,,,,
java.lang.String,0,oracle.java.erpsol.com.esb.pojo.concur.AbstractConcur$Lines$Line$TravelAllowanceData->TADisplaylimit,213,,,,,,
java.lang.String,0,oracle.java.erpsol.com.esb.pojo.concur.AbstractConcur$Lines$Line$TravelAllowanceData->TAAllowanceLimit,214,,,,,,
java.lang.String,0,oracle.java.erpsol.com.esb.pojo.concur.AbstractConcur$Lines$Line$TravelAllowanceData->AllowableThreshold,215,,,,,,
java.lang.String,0,oracle.java.erpsol.com.esb.pojo.concur.AbstractConcur$Lines$Line$TravelAllowanceData->TAFixedMealLodgingType,216,,,,,,
java.lang.String,0,oracle.java.erpsol.com.esb.pojo.concur.AbstractConcur$Lines$Line$TravelAllowanceData->BaseAmount,217,,,,,,
java.lang.String,0,oracle.java.erpsol.com.esb.pojo.concur.AbstractConcur$Lines$Line$TravelAllowanceData->AllowanceAmount,218,,,,,,
java.lang.String,0,oracle.java.erpsol.com.esb.pojo.concur.AbstractConcur$Lines$Line$TravelAllowanceData->TAFixedOvernight,219,,,,,,
java.lang.String,0,oracle.java.erpsol.com.esb.pojo.concur.AbstractConcur$Lines$Line$TravelAllowanceData->TAFixedBreakfastProvidedFlag,220,,,,,,
java.lang.String,0,oracle.java.erpsol.com.esb.pojo.concur.AbstractConcur$Lines$Line$TravelAllowanceData->TAFixedLunchProvidedFlag,221,,,,,,
java.lang.String,0,oracle.java.erpsol.com.esb.pojo.concur.AbstractConcur$Lines$Line$TravelAllowanceData->TAFixedDinnerProvidedFlag,222,,,,,,
java.lang.String,0,oracle.java.erpsol.com.esb.pojo.concur.AbstractConcur$Lines$Line$TravelAllowanceData->FutureUseRESforBankAccount,223,,,,,,
java.lang.String,0,oracle.java.erpsol.com.esb.pojo.concur.AbstractConcur$Lines$Line$TravelAllowanceData->FutureUseRESforRoutingNumber,224,,,,,,
java.lang.String,0,oracle.java.erpsol.com.esb.pojo.concur.AbstractConcur$Lines$Line$VATTaxData->Taxauthorityname,225,,,,,,
java.lang.String,0,oracle.java.erpsol.com.esb.pojo.concur.AbstractConcur$Lines$Line$VATTaxData->Taxlabel,226,,,,,,
java.lang.String,0,oracle.java.erpsol.com.esb.pojo.concur.AbstractConcur$Lines$Line$VATTaxData->Taxtransactionamount,227,,,,,,
java.lang.String,0,oracle.java.erpsol.com.esb.pojo.concur.AbstractConcur$Lines$Line$VATTaxData->Taxpostedamount,228,,,,,,
java.lang.String,0,oracle.java.erpsol.com.esb.pojo.concur.AbstractConcur$Lines$Line$VATTaxData->Taxsource,229,,,,,,
java.lang.String,0,oracle.java.erpsol.com.esb.pojo.concur.AbstractConcur$Lines$Line$VATTaxData->Taxreclaimtransactionamount,230,,,,,,
java.lang.String,0,oracle.java.erpsol.com.esb.pojo.concur.AbstractConcur$Lines$Line$VATTaxData->Taxreclaimpostedamount,231,,,,,,
java.lang.String,0,oracle.java.erpsol.com.esb.pojo.concur.AbstractConcur$Lines$Line$VATTaxData->Taxcode,232,,,,,,
java.lang.String,0,oracle.java.erpsol.com.esb.pojo.concur.AbstractConcur$Lines$Line$VATTaxData->ReclaimDomestic,233,,,,,,
java.lang.String,0,oracle.java.erpsol.com.esb.pojo.concur.AbstractConcur$Lines$Line$VATTaxData->Taxadjustedamount,234,,,,,,
java.lang.String,0,oracle.java.erpsol.com.esb.pojo.concur.AbstractConcur$Lines$Line$VATTaxData->Taxreclaimadjustedamount,235,,,,,,
java.lang.String,0,oracle.java.erpsol.com.esb.pojo.concur.AbstractConcur$Lines$Line$VATTaxData->Taxreclaimcode,236,,,,,,
java.lang.String,0,oracle.java.erpsol.com.esb.pojo.concur.AbstractConcur$Lines$Line$VATTaxData->Taxreclaimtransactionadjustedamount,237,,,,,,
java.lang.String,0,oracle.java.erpsol.com.esb.pojo.concur.AbstractConcur$Lines$Line$VATTaxData->ReportEntryTaxAllocationReclaimCode,238,,,,,,
java.lang.String,0,oracle.java.erpsol.com.esb.pojo.concur.AbstractConcur$Lines$Line$VATTaxData->AuthRequestID,239,,,,,,
java.lang.String,0,oracle.java.erpsol.com.esb.pojo.concur.AbstractConcur$Lines$Line$AssignedTravelRequestData->TravelRequestName,240,,,,,,
java.lang.String,0,oracle.java.erpsol.com.esb.pojo.concur.AbstractConcur$Lines$Line$AssignedTravelRequestData->AuthRequestTotalPostedAmount,241,,,,,,
java.lang.String,0,oracle.java.erpsol.com.esb.pojo.concur.AbstractConcur$Lines$Line$AssignedTravelRequestData->TravelRequestTotalApprovedAmount,242,,,,,,
java.lang.String,0,oracle.java.erpsol.com.esb.pojo.concur.AbstractConcur$Lines$Line$AssignedTravelRequestData->TravelRequestStartDate,243,,,,,,
java.lang.String,0,oracle.java.erpsol.com.esb.pojo.concur.AbstractConcur$Lines$Line$AssignedTravelRequestData->TravelRequestEndDate,244,,,,,,
java.lang.String,0,oracle.java.erpsol.com.esb.pojo.concur.AbstractConcur$Lines$Line$AssignedTravelRequestData->TravelRequestAuthorizedDate,245,,,,,,
java.lang.String,0,oracle.java.erpsol.com.esb.pojo.concur.AbstractConcur$Lines$Line$VATTaxData->ReportEntryTotalTaxPostedAmount,246,,,,,,
java.lang.String,0,oracle.java.erpsol.com.esb.pojo.concur.AbstractConcur$Lines$Line$VATTaxData->NetTaxAmount,247,,,,,,
java.lang.String,0,oracle.java.erpsol.com.esb.pojo.concur.AbstractConcur$Lines$Line$VATTaxData->ReportEntryTotal,248,,,,,,
java.lang.String,0,oracle.java.erpsol.com.esb.pojo.concur.AbstractConcur$Lines$Line$VATTaxData->NetAdjusted,249,,,,,,
java.lang.String,0,oracle.java.erpsol.com.esb.pojo.concur.AbstractConcur$Lines$Line$EntryData->ReportEntryPaymentTypeName,250,,,,,,
java.lang.String,0,oracle.java.erpsol.com.esb.pojo.concur.AbstractConcur$Lines$Line$FutureUseSection->FutureUse,251,,,,,,
java.lang.String,0,oracle.java.erpsol.com.esb.pojo.concur.AbstractConcur$Lines$Line$FutureUseSection->FutureUse1,252,,,,,,
java.lang.String,0,oracle.java.erpsol.com.esb.pojo.concur.AbstractConcur$Lines$Line$FutureUseSection->FutureUse2,253,,,,,,
java.lang.String,0,oracle.java.erpsol.com.esb.pojo.concur.AbstractConcur$Lines$Line$ExpensePayData->CashAccountCode,254,,,,,,
java.lang.String,0,oracle.java.erpsol.com.esb.pojo.concur.AbstractConcur$Lines$Line$ExpensePayData->LiabilityAccountCode,255,,,,,,
java.lang.String,0,oracle.java.erpsol.com.esb.pojo.concur.AbstractConcur$Lines$Line$ExpensePayData->EstimatedPaymentDate,256,,,,,,
java.lang.String,0,oracle.java.erpsol.com.esb.pojo.concur.AbstractConcur$Lines$Line$ExpensePayData->FundingTrace,257,,,,,,
java.lang.String,0,oracle.java.erpsol.com.esb.pojo.concur.AbstractConcur$Lines$Line$ExpensePayData->RequestedDisbursementDate,258,,,,,,
java.lang.String,0,oracle.java.erpsol.com.esb.pojo.concur.AbstractConcur$Lines$Line$ExpensePayData->FutureUse,259,,,,,,
java.lang.String,0,oracle.java.erpsol.com.esb.pojo.concur.AbstractConcur$Lines$Line$ExpensePayData->FutureUse1,260,,,,,,
java.lang.String,0,oracle.java.erpsol.com.esb.pojo.concur.AbstractConcur$Lines$Line$ExpensePayData->FutureUse2,261,,,,,,
java.lang.String,0,oracle.java.erpsol.com.esb.pojo.concur.AbstractConcur$Lines$Line$ExpensePayData->FutureUse3,262,,,,,,
java.lang.String,0,oracle.java.erpsol.com.esb.pojo.concur.AbstractConcur$Lines$Line$ExpensePayData->FutureUse4,263,,,,,,
java.lang.String,0,oracle.java.erpsol.com.esb.pojo.concur.AbstractConcur$Lines$Line$EmployeeData->EmployeeLoginID,264,,,,,,
java.lang.String,0,oracle.java.erpsol.com.esb.pojo.concur.AbstractConcur$Lines$Line$EmployeeData->EmployeeEmailAddress,265,,,,,,
java.lang.String,0,oracle.java.erpsol.com.esb.pojo.concur.AbstractConcur$Lines$Line$EmployeeData->EmployeeCustom1,266,,,,,,
java.lang.String,0,oracle.java.erpsol.com.esb.pojo.concur.AbstractConcur$Lines$Line$EmployeeData->EmployeeCustom2,267,,,,,,
java.lang.String,0,oracle.java.erpsol.com.esb.pojo.concur.AbstractConcur$Lines$Line$EmployeeData->EmployeeCustom3,268,,,,,,
java.lang.String,0,oracle.java.erpsol.com.esb.pojo.concur.AbstractConcur$Lines$Line$EmployeeData->EmployeeCustom4,269,,,,,,
java.lang.String,0,oracle.java.erpsol.com.esb.pojo.concur.AbstractConcur$Lines$Line$EmployeeData->EmployeeCustom5,270,,,,,,
java.lang.String,0,oracle.java.erpsol.com.esb.pojo.concur.AbstractConcur$Lines$Line$EmployeeData->EmployeeCustom6,271,,,,,,
java.lang.String,0,oracle.java.erpsol.com.esb.pojo.concur.AbstractConcur$Lines$Line$EmployeeData->EmployeeCustom7,272,,,,,,
java.lang.String,0,oracle.java.erpsol.com.esb.pojo.concur.AbstractConcur$Lines$Line$EmployeeData->EmployeeCustom8,273,,,,,,
java.lang.String,0,oracle.java.erpsol.com.esb.pojo.concur.AbstractConcur$Lines$Line$EmployeeData->EmployeeCustom9,274,,,,,,
java.lang.String,0,oracle.java.erpsol.com.esb.pojo.concur.AbstractConcur$Lines$Line$EmployeeData->EmployeeCustom10,275,,,,,,
java.lang.String,0,oracle.java.erpsol.com.esb.pojo.concur.AbstractConcur$Lines$Line$EmployeeData->EmployeeCustom11,276,,,,,,
java.lang.String,0,oracle.java.erpsol.com.esb.pojo.concur.AbstractConcur$Lines$Line$EmployeeData->EmployeeCustom12,277,,,,,,
java.lang.String,0,oracle.java.erpsol.com.esb.pojo.concur.AbstractConcur$Lines$Line$EmployeeData->EmployeeCustom13,278,,,,,,
java.lang.String,0,oracle.java.erpsol.com.esb.pojo.concur.AbstractConcur$Lines$Line$EmployeeData->EmployeeCustom14,279,,,,,,
java.lang.String,0,oracle.java.erpsol.com.esb.pojo.concur.AbstractConcur$Lines$Line$EmployeeData->EmployeeCustom15,280,,,,,,
java.lang.String,0,oracle.java.erpsol.com.esb.pojo.concur.AbstractConcur$Lines$Line$EmployeeData->EmployeeCustom16,281,,,,,,
java.lang.String,0,oracle.java.erpsol.com.esb.pojo.concur.AbstractConcur$Lines$Line$EmployeeData->EmployeeCustom17,282,,,,,,
java.lang.String,0,oracle.java.erpsol.com.esb.pojo.concur.AbstractConcur$Lines$Line$EmployeeData->EmployeeCustom18,283,,,,,,
java.lang.String,0,oracle.java.erpsol.com.esb.pojo.concur.AbstractConcur$Lines$Line$EmployeeData->EmployeeCustom19,284,,,,,,
java.lang.String,0,oracle.java.erpsol.com.esb.pojo.concur.AbstractConcur$Lines$Line$EmployeeData->EmployeeCustom20,285,,,,,,
java.lang.String,0,oracle.java.erpsol.com.esb.pojo.concur.AbstractConcur$Lines$Line$EmployeeData->FutureUse1,286,,,,,,
java.lang.String,0,oracle.java.erpsol.com.esb.pojo.concur.AbstractConcur$Lines$Line$EmployeeData->FutureUse2,287,,,,,,
java.lang.String,0,oracle.java.erpsol.com.esb.pojo.concur.AbstractConcur$Lines$Line$EmployeeData->FutureUse3,288,,,,,,
java.lang.String,0,oracle.java.erpsol.com.esb.pojo.concur.AbstractConcur$Lines$Line$EmployeeData->FutureUse4,289,,,,,,
java.lang.String,0,oracle.java.erpsol.com.esb.pojo.concur.AbstractConcur$Lines$Line$EmployeeData->FutureUse5,290,,,,,,
java.lang.String,0,oracle.java.erpsol.com.esb.pojo.concur.AbstractConcur$Lines$Line$EmployeeBankingData->EmployeeBankingAccountisActive,291,,,,,,
java.lang.String,0,oracle.java.erpsol.com.esb.pojo.concur.AbstractConcur$Lines$Line$EmployeeBankingData->EmployeeBankingBankAccountType,292,,,,,,
java.lang.String,0,oracle.java.erpsol.com.esb.pojo.concur.AbstractConcur$Lines$Line$EmployeeBankingData->EmployeeBankingNameOnAccount,293,,,,,,
java.lang.String,0,oracle.java.erpsol.com.esb.pojo.concur.AbstractConcur$Lines$Line$EmployeeBankingData->EmployeeBankingBankName,294,,,,,,
java.lang.String,0,oracle.java.erpsol.com.esb.pojo.concur.AbstractConcur$Lines$Line$EmployeeBankingData->EmployeeBankingBankBranchLocation,295,,,,,,
java.lang.String,0,oracle.java.erpsol.com.esb.pojo.concur.AbstractConcur$Lines$Line$EmployeeBankingData->EmployeeBankingBankAddressLine1,296,,,,,,
java.lang.String,0,oracle.java.erpsol.com.esb.pojo.concur.AbstractConcur$Lines$Line$EmployeeBankingData->EmployeeBankingBankAddressLine2,297,,,,,,
java.lang.String,0,oracle.java.erpsol.com.esb.pojo.concur.AbstractConcur$Lines$Line$EmployeeBankingData->EmployeeBankingBankCity,298,,,,,,
java.lang.String,0,oracle.java.erpsol.com.esb.pojo.concur.AbstractConcur$Lines$Line$EmployeeBankingData->EmployeeBankingBankRegion,299,,,,,,
java.lang.String,0,oracle.java.erpsol.com.esb.pojo.concur.AbstractConcur$Lines$Line$EmployeeBankingData->EmployeeBankingBankPostalCode,300,,,,,,
java.lang.String,0,oracle.java.erpsol.com.esb.pojo.concur.AbstractConcur$Lines$Line$EmployeeBankingData->EmployeeBankingBankCountryCode,301,,,,,,
java.lang.String,0,oracle.java.erpsol.com.esb.pojo.concur.AbstractConcur$Lines$Line$EmployeeBankingData->EmployeeBankingTaxID,302,,,,,,
java.lang.String,0,oracle.java.erpsol.com.esb.pojo.concur.AbstractConcur$Lines$Line$EmployeeBankingData->EmployeeBankingIsResident,303,,,,,,
java.lang.String,0,oracle.java.erpsol.com.esb.pojo.concur.AbstractConcur$Lines$Line$EmployeeBankingData->EmployeeBankingAccountStatus,304,,,,,,
java.lang.String,0,oracle.java.erpsol.com.esb.pojo.concur.AbstractConcur$Lines$Line$EmployeeBankingData->EmployeeBankingAccountCurrency,305,,,,,,
java.lang.String,0,oracle.java.erpsol.com.esb.pojo.concur.AbstractConcur$Lines$Line$EmployeeBankingData->FutureUse,306,,,,,,
java.lang.String,0,oracle.java.erpsol.com.esb.pojo.concur.AbstractConcur$Lines$Line$EmployeeBankingData->FutureUse1,307,,,,,,
java.lang.String,0,oracle.java.erpsol.com.esb.pojo.concur.AbstractConcur$Lines$Line$EmployeeBankingData->FutureUse2,308,,,,,,
java.lang.String,0,oracle.java.erpsol.com.esb.pojo.concur.AbstractConcur$Lines$Line$EmployeeBankingData->FutureUse3,309,,,,,,
java.lang.String,0,oracle.java.erpsol.com.esb.pojo.concur.AbstractConcur$Lines$Line$EmployeeBankingData->FutureUse4,310,,,,,,
java.lang.String,0,oracle.java.erpsol.com.esb.pojo.concur.AbstractConcur$Lines$Line$ReportData->PersonalExpenses,311,,,,,,
java.lang.String,0,oracle.java.erpsol.com.esb.pojo.concur.AbstractConcur$Lines$Line$ReportData->TotalAmountClaimed,312,,,,,,
java.lang.String,0,oracle.java.erpsol.com.esb.pojo.concur.AbstractConcur$Lines$Line$ReportData->AmountDueEmployee,313,,,,,,
java.lang.String,0,oracle.java.erpsol.com.esb.pojo.concur.AbstractConcur$Lines$Line$ReportData->AmountDueCompanyCard,314,,,,,,
java.lang.String,0,oracle.java.erpsol.com.esb.pojo.concur.AbstractConcur$Lines$Line$ReportData->AmountNotApproved,315,,,,,,
java.lang.String,0,oracle.java.erpsol.com.esb.pojo.concur.AbstractConcur$Lines$Line$ReportData->AmountCompanyPaid,316,,,,,,
java.lang.String,0,oracle.java.erpsol.com.esb.pojo.concur.AbstractConcur$Lines$Line$ReportData->AmountDueCompany,317,,,,,,
java.lang.String,0,oracle.java.erpsol.com.esb.pojo.concur.AbstractConcur$Lines$Line$ReportData->PaymentConfirmedAmount,318,,,,,,
java.lang.String,0,oracle.java.erpsol.com.esb.pojo.concur.AbstractConcur$Lines$Line$ReportData->AmountDueEmployee2,319,,,,,,
java.lang.String,0,oracle.java.erpsol.com.esb.pojo.concur.AbstractConcur$Lines$Line$ReportData->AmountDueCompanyCard2,320,,,,,,
java.lang.String,0,oracle.java.erpsol.com.esb.pojo.concur.AbstractConcur$Lines$Line$ReportData->ReportType,321,,,,,,
java.lang.String,0,oracle.java.erpsol.com.esb.pojo.concur.AbstractConcur$Lines$Line$ReportData->TotalTaxAdjustedAmount,322,,,,,,
java.lang.String,0,oracle.java.erpsol.com.esb.pojo.concur.AbstractConcur$Lines$Line$ReportData->NetAdjustedTaxAmount,323,,,,,,
java.lang.String,0,oracle.java.erpsol.com.esb.pojo.concur.AbstractConcur$Lines$Line$ReportData->FutureUse1,324,,,,,,
java.lang.String,0,oracle.java.erpsol.com.esb.pojo.concur.AbstractConcur$Lines$Line$ReportData->FutureUse2,325,,,,,,
java.lang.String,0,oracle.java.erpsol.com.esb.pojo.concur.AbstractConcur$Lines$Line$ReportData->FutureUse3,326,,,,,,
java.lang.String,0,oracle.java.erpsol.com.esb.pojo.concur.AbstractConcur$Lines$Line$CashAdvanceData->CashAdvanceReturnsAmount,327,,,,,,
java.lang.String,0,oracle.java.erpsol.com.esb.pojo.concur.AbstractConcur$Lines$Line$CashAdvanceData->CashAdvanceReturnReceived,328,,,,,,
java.lang.String,0,oracle.java.erpsol.com.esb.pojo.concur.AbstractConcur$Lines$Line$CashAdvanceData->CashAdvanceUtilizedAmount,329,,,,,,
java.lang.String,0,oracle.java.erpsol.com.esb.pojo.concur.AbstractConcur$Lines$Line$CashAdvanceData->FutureUse1,330,,,,,,
java.lang.String,0,oracle.java.erpsol.com.esb.pojo.concur.AbstractConcur$Lines$Line$CashAdvanceData->FutureUse2,331,,,,,,
java.lang.String,0,oracle.java.erpsol.com.esb.pojo.concur.AbstractConcur$Lines$Line$CashAdvanceData->FutureUse3,332,,,,,,
java.lang.String,0,oracle.java.erpsol.com.esb.pojo.concur.AbstractConcur$Lines$Line$CashAdvanceData->FutureUse4,333,,,,,,
java.lang.String,0,oracle.java.erpsol.com.esb.pojo.concur.AbstractConcur$Lines$Line$ReportEntryData->ReportEntryLocationCityName,334,,,,,,
java.lang.String,0,oracle.java.erpsol.com.esb.pojo.concur.AbstractConcur$Lines$Line$ReportEntryData->IsBillable,335,,,,,,
java.lang.String,0,oracle.java.erpsol.com.esb.pojo.concur.AbstractConcur$Lines$Line$ReportEntryData->ReportEntryFromLocation,336,,,,,,
java.lang.String,0,oracle.java.erpsol.com.esb.pojo.concur.AbstractConcur$Lines$Line$ReportEntryData->ReportEntryToLocation,337,,,,,,
java.lang.String,0,oracle.java.erpsol.com.esb.pojo.concur.AbstractConcur$Lines$Line$ReportEntryData->ReportEntryLocationName,338,,,,,,
java.lang.String,0,oracle.java.erpsol.com.esb.pojo.concur.AbstractConcur$Lines$Line$ReportEntryData->Country,339,,,,,,
java.lang.String,0,oracle.java.erpsol.com.esb.pojo.concur.AbstractConcur$Lines$Line$ReportEntryData->StateProvince,340,,,,,,
java.lang.String,0,oracle.java.erpsol.com.esb.pojo.concur.AbstractConcur$Lines$Line$ReportEntryData->UUID,341,,,,,,
java.lang.String,0,oracle.java.erpsol.com.esb.pojo.concur.AbstractConcur$Lines$Line$ReportEntryData->FutureUse,342,,,,,,
java.lang.String,0,oracle.java.erpsol.com.esb.pojo.concur.AbstractConcur$Lines$Line$ReportEntryData->FutureUse1,343,,,,,,
java.lang.String,0,oracle.java.erpsol.com.esb.pojo.concur.AbstractConcur$Lines$Line$ReportEntryData->FutureUse2,344,,,,,,
java.lang.String,0,oracle.java.erpsol.com.esb.pojo.concur.AbstractConcur$Lines$Line$ReportEntryData->FutureUse3,345,,,,,,
java.lang.String,0,oracle.java.erpsol.com.esb.pojo.concur.AbstractConcur$Lines$Line$ReportEntryData->FutureUse4,346,,,,,,
java.lang.String,0,oracle.java.erpsol.com.esb.pojo.concur.AbstractConcur$Lines$Line$VATTaxData->AllocationTotalTaxTransactionAmount,347,,,,,,
java.lang.String,0,oracle.java.erpsol.com.esb.pojo.concur.AbstractConcur$Lines$Line$VATTaxData->AllocationTotalTaxPostedAmount,348,,,,,,
java.lang.String,0,oracle.java.erpsol.com.esb.pojo.concur.AbstractConcur$Lines$Line$VATTaxData->AllocationTotalTaxReclaimTransactionAmount,349,,,,,,
java.lang.String,0,oracle.java.erpsol.com.esb.pojo.concur.AbstractConcur$Lines$Line$VATTaxData->AllocationTotalTaxReclaimPostedAmount,350,,,,,,
java.lang.String,0,oracle.java.erpsol.com.esb.pojo.concur.AbstractConcur$Lines$Line$VATTaxData->AllocationTotalTaxReclaimTransactionAdjust,351,,,,,,
java.lang.String,0,oracle.java.erpsol.com.esb.pojo.concur.AbstractConcur$Lines$Line$VATTaxData->FutureUse,352,,,,,,
java.lang.String,0,oracle.java.erpsol.com.esb.pojo.concur.AbstractConcur$Lines$Line$VATTaxData->FutureUse1,353,,,,,,
java.lang.String,0,oracle.java.erpsol.com.esb.pojo.concur.AbstractConcur$Lines$Line$VATTaxData->FutureUse2,354,,,,,,
java.lang.String,0,oracle.java.erpsol.com.esb.pojo.concur.AbstractConcur$Lines$Line$VATTaxData->FutureUse3,355,,,,,,
java.lang.String,0,oracle.java.erpsol.com.esb.pojo.concur.AbstractConcur$Lines$Line$VATTaxData->FutureUse4,356,,,,,,
java.lang.String,0,oracle.java.erpsol.com.esb.pojo.concur.AbstractConcur$Lines$Line$RequestData->RequestName,357,,,,,,
java.lang.String,0,oracle.java.erpsol.com.esb.pojo.concur.AbstractConcur$Lines$Line$RequestData->TotalPostedAmount,358,,,,,,
java.lang.String,0,oracle.java.erpsol.com.esb.pojo.concur.AbstractConcur$Lines$Line$RequestData->TotalApprovedAmount,359,,,,,,
java.lang.String,0,oracle.java.erpsol.com.esb.pojo.concur.AbstractConcur$Lines$Line$RequestData->StartDate,360,,,,,,
java.lang.String,0,oracle.java.erpsol.com.esb.pojo.concur.AbstractConcur$Lines$Line$RequestData->EndDate,361,,,,,,
java.lang.String,0,oracle.java.erpsol.com.esb.pojo.concur.AbstractConcur$Lines$Line$RequestData->AuthorizedDate,362,,,,,,
java.lang.String,0,oracle.java.erpsol.com.esb.pojo.concur.AbstractConcur$Lines$Line$RequestData->AuthorizationRequestID,363,,,,,,
java.lang.String,0,oracle.java.erpsol.com.esb.pojo.concur.AbstractConcur$Lines$Line$RequestData->FutureUse,364,,,,,,
java.lang.String,0,oracle.java.erpsol.com.esb.pojo.concur.AbstractConcur$Lines$Line$RequestData->FutureUse1,365,,,,,,
java.lang.String,0,oracle.java.erpsol.com.esb.pojo.concur.AbstractConcur$Lines$Line$RequestData->FutureUse2,366,,,,,,
java.lang.String,0,oracle.java.erpsol.com.esb.pojo.concur.AbstractConcur$Lines$Line$RequestData->FutureUse3,367,,,,,,
java.lang.String,0,oracle.java.erpsol.com.esb.pojo.concur.AbstractConcur$Lines$Line$RequestData->FutureUse4,368,,,,,,
java.lang.String,0,oracle.java.erpsol.com.esb.pojo.concur.AbstractConcur$Lines$Line$RequestData->FutureUse5,369,,,,,,
java.lang.String,0,oracle.java.erpsol.com.esb.pojo.concur.AbstractConcur$Lines$Line$RequestData->FutureUse6,370,,,,,,
java.lang.String,0,oracle.java.erpsol.com.esb.pojo.concur.AbstractConcur$Lines$Line$RequestData->FutureUse7,371,,,,,,
java.lang.String,0,oracle.java.erpsol.com.esb.pojo.concur.AbstractConcur$Lines$Line$RequestData->FutureUse8,372,,,,,,
java.lang.String,0,oracle.java.erpsol.com.esb.pojo.concur.AbstractConcur$Lines$Line$RequestData->FutureUse9,373,,,,,,
java.lang.String,0,oracle.java.erpsol.com.esb.pojo.concur.AbstractConcur$Lines$Line$RequestData->FutureUse10,374,,,,,,
java.lang.String,0,oracle.java.erpsol.com.esb.pojo.concur.AbstractConcur$Lines$Line$RequestData->FutureUse11,375,,,,,,
java.lang.String,0,oracle.java.erpsol.com.esb.pojo.concur.AbstractConcur$Lines$Line$RequestData->FutureUse12,376,,,,,,
java.lang.String,0,oracle.java.erpsol.com.esb.pojo.concur.AbstractConcur$Lines$Line$RequestData->FutureUse13,377,,,,,,
java.lang.String,0,oracle.java.erpsol.com.esb.pojo.concur.AbstractConcur$Lines$Line$RequestData->FutureUse14,378,,,,,,
java.lang.String,0,oracle.java.erpsol.com.esb.pojo.concur.AbstractConcur$Lines$Line$RequestData->FutureUse15,379,,,,,,
java.lang.String,0,oracle.java.erpsol.com.esb.pojo.concur.AbstractConcur$Lines$Line$RequestData->FutureUse16,380,,,,,,
java.lang.String,0,oracle.java.erpsol.com.esb.pojo.concur.AbstractConcur$Lines$Line$RequestData->FutureUse17,381,,,,,,
java.lang.String,0,oracle.java.erpsol.com.esb.pojo.concur.AbstractConcur$Lines$Line$RequestData->FutureUse18,382,,,,,,
java.lang.String,0,oracle.java.erpsol.com.esb.pojo.concur.AbstractConcur$Lines$Line$RequestData->FutureUse19,383,,,,,,
java.lang.String,0,oracle.java.erpsol.com.esb.pojo.concur.AbstractConcur$Lines$Line$RequestData->FutureUse20,384,,,,,,
java.lang.String,0,oracle.java.erpsol.com.esb.pojo.concur.AbstractConcur$Lines$Line$RequestData->FutureUse21,385,,,,,,
java.lang.String,0,oracle.java.erpsol.com.esb.pojo.concur.AbstractConcur$Lines$Line$RequestData->FutureUse22,386,,,,,,
java.lang.String,0,oracle.java.erpsol.com.esb.pojo.concur.AbstractConcur$Lines$Line$RequestData->FutureUse23,387,,,,,,
java.lang.String,0,oracle.java.erpsol.com.esb.pojo.concur.AbstractConcur$Lines$Line$RequestData->FutureUse24,388,,,,,,
java.lang.String,0,oracle.java.erpsol.com.esb.pojo.concur.AbstractConcur$Lines$Line$RequestData->FutureUse25,389,,,,,,
java.lang.String,0,oracle.java.erpsol.com.esb.pojo.concur.AbstractConcur$Lines$Line$RequestData->FutureUse26,390,,,,,,
java.lang.String,0,oracle.java.erpsol.com.esb.pojo.concur.AbstractConcur$Lines$Line$RequestData->FutureUse27,391,,,,,,
java.lang.String,0,oracle.java.erpsol.com.esb.pojo.concur.AbstractConcur$Lines$Line$RequestData->FutureUse28,392,,,,,,
java.lang.String,0,oracle.java.erpsol.com.esb.pojo.concur.AbstractConcur$Lines$Line$RequestData->FutureUse29,393,,,,,,
java.lang.String,0,oracle.java.erpsol.com.esb.pojo.concur.AbstractConcur$Lines$Line$RequestData->FutureUse30,394,,,,,,
java.lang.String,0,oracle.java.erpsol.com.esb.pojo.concur.AbstractConcur$Lines$Line$RequestData->FutureUse31,395,,,,,,
java.lang.String,0,oracle.java.erpsol.com.esb.pojo.concur.AbstractConcur$Lines$Line$RequestData->FutureUse32,396,,,,,,
java.lang.String,0,oracle.java.erpsol.com.esb.pojo.concur.AbstractConcur$Lines$Line$RequestData->FutureUse33,397,,,,,,
java.lang.String,0,oracle.java.erpsol.com.esb.pojo.concur.AbstractConcur$Lines$Line$RequestData->FutureUse34,398,,,,,,
java.lang.String,0,oracle.java.erpsol.com.esb.pojo.concur.AbstractConcur$Lines$Line$RequestData->FutureUse35,399,,,,,,
java.lang.String,0,oracle.java.erpsol.com.esb.pojo.concur.AbstractConcur$Lines$Line$RequestData->FutureUse36,400,,,,,,
